location	country_code	latitude	longitude
africa	XX	4.070194	21.824559
north_africa	XX	27.3989987	12.8575109
subsaharan_africa	XX	0.7603296	25.0743129
south_america	XX	-13.083583	-58.470721
north_america	XX	28.2367447	-97.738017
central_america	XX	17.2353501	-92.9018381
caribbean	XX	18.3650561	-67.0180541
europe	XX	49.646237	10.799454
south_asia	XX	24.485438	76.513158
west_asia	XX	34.000094	48.732280
southeast_asia	XX	3.020567	112.390683
oceania	XX	-25.0562891	152.008576
south_pacific	XX	-8.5593187	-161.3948031
aruba	AW	12.5211	69.9683
japan_korea	XX	35.845119	136.736386
central_america_caribbean	XX	18.8144791	-87.902717
sapporo	JP	43.044768	141.337215
hokkaido	JP	43.4519831	142.8197834
kanagawa	JP	35.3149965	139.357853197
ishikawa	JP	36.9888678	136.8163563
toyama	JP	36.6468015	137.2183531
australia	AU	-24.7761085	134.755
canberra	AU	-35.2819366	149.128894
brisbane	AU	-27.4689681	153.0234991
townsville	AU	-19.256939	146.8239537
auckland	NZ	-36.8534664	174.7655514
perth	AU	-31.952712	115.8604796
fiji	FJ	-18.1239695	179.0122737
finland	FI	63.2467777	25.9209164
albania	AL	41.000028	19.9999619
singapore	SG	1.2904527	103.852038
stockholm	SE	59.3251172	18.0710935
slovenia	SI	45.8133113	14.4808369
istanbul	TR	41.0096334	28.9651646
moscow	RU	55.7516335	37.6187042
extremadura	ES	39.1748426	-6.152989
murcia	ES	37.9923795	-1.130543
taiwan	TW	23.9739374	120.9820179
kyoto	JP	35.0185804	135.763835
hawaii	US	21.2160437	-157.9752029
colorado	US	38.7251776	-105.6077166
virginia	US	37.1232245	-78.492772
florida	US	27.7567667	-81.4639834
connecticut	US	41.6500201	-72.7342162
oregon	US	43.9792797	-120.7372569
california	US	36.7014631	-118.7559973
new_york	US	40.7642499	-73.9545249
delaware	US	38.6920451	-75.4013314
usa	US	39.7837304	-100.4458824
washington	US	47.60	-122.33
arizona	US	34.395342	-111.7632754
minnesota	US	45.9896587	-94.6113287
utah	US	39.4225192	-111.7143583
ohio	US	40.2253569	-82.6881394
wyoming	US	43.1700264	-107.5685347
pennsylvania	US	40.9699889	-77.727883
maine	US	45.709097	-68.85902
idaho	US	43.6447642	-114.015407
texas	US	31.8160381	-99.5120985
mississippi	US	32.9715645	-89.7348496
nevada	US	39.5158825	-116.8537226
kentucky	US	37.5726028	-85.155141
uganda	UG	1.5333554	32.2166578
botswana	BW	-22.199114	24.017975
vermont	US	44.5990718	-72.5002607
khmelnitsky	UA	49.4009272	24.3159795
kyiv	UA	50.4501071	30.5240501
georgia	US	32.3293809	-83.1137365
wisconsin	US	44.4308975	-89.6884636
gunma	JP	36.52198	139.033483
wakayama	JP	33.8070292	135.5930743
chiba	JP	35.3594614	140.189299949
iceland	IS	64.9841821	-18.1059012
lisbon	PT	38.7077926	-9.1365069
norway	NO	64.574131	11.5270102892
paris	FR	48.8566101	2.3514992
bolzano	IT	46.4981125	11.3547801
bari	IT	41.1257843	16.8620293
perugia	IT	43.1119613	12.3890104
zaporizhia	UA	47.4165079	35.922969
odessa	UA	46.4846121	30.7325586
palermo	IT	38.11127	13.3534422
kaliningrad	RU	54.7066422	20.5105166
egypt	EG	26.2540493	29.2675469
bratislava	SK	48.1359085	17.1597440625
bulgaria	BG	42.6073975	25.4856617
louisiana	US	30.8703881	-92.0071259
alsace	FR	48.24917645	7.40746995186
france	FR	46.603354	1.8883335
dijon	FR	47.3215806	5.0414701
osaka	JP	34.704365	135.501887
michigan	US	43.6211955	-84.6824345
tennessee	US	35.7730076	-86.282008
iowa	US	41.9216734	-93.3122704
massachusetts	US	42.3788774	-72.0323659
montana	US	47.3752671	-109.6387578
netherlands	NL	52.2379891	5.53460738162
bretagne	FR	48.16189165	-2.68371136308
suceava	RO	47.5327387	25.8173527992
montenegro	ME	43.0285558	19.291739
iasi	RO	47.161494	27.5840504
ghana	GH	8.0300284	-1.080027
botosani	RO	47.85233745	26.7613252237
saitama	JP	36.0183923	139.281463788
brandenburg	DE	52.8455492	13.2461296
sachsen	DE	50.9295798	13.4585052
germany	DE	51.0834196	10.4234469
czech_republic	CZ	49.8175	15.4730
bayern	DE	48.9467562	11.4038717
missouri	US	38.7604815	-92.5617874
indiana	US	40.3270127	-86.1746932
illinois	US	40.0796319	-89.4339808
jordan	JO	31.1667049	36.941628
bucharest	RO	44.4361414	26.1027202
alba	RO	46.02861005	23.5433691229
kungalv	SE	57.8698304	11.9776901
shiga	JP	35.247154	136.109385
navarra	ES	42.6125241	-1.83106339961
spain	ES	40.0028028	-4.0031039
nebraska	US	41.7370229	-99.5873815
maryland	US	39.5162234	-76.9382068
kansas	US	38.27312	-98.5821871
ontario	CA	50.0000002	-86.0
calarasi	RO	44.32909225	27.1335977989
niigata	JP	37.645058	138.7674345
berlin	DE	52.5170365	13.3888599
miyagi	JP	38.3880155	140.9761025
new_hampshire	US	43.4718339	-71.6182147
arkansas	US	35.2048883	-92.4479107
laos	LA	20.0171109	103.378253
newcastle	AU	-32.927288	151.7812534
hessen	DE	50.6118537	9.1909725
niedersachsen	DE	52.6368397	9.8456838
bremen	DE	53.0758196	8.8071646
shimane	JP	34.9418212	132.537439
tochigi	JP	36.6773965	139.779485316
sweden	SE	59.6749712	14.5208584
baleares	ES	39.6134018	2.88043053264
dolj	RO	44.2043965	23.6686664837
olt	RO	44.29050505	24.46281894
mures	RO	46.606563	24.6254035724
centre	FR	47.5490251	1.7324062
lorraine	FR	48.71557405	6.1424601961
ibaraki	JP	36.3420485	140.398432594
italy	IT	42.6384261	12.674297
serbia	RS	44.1534121	20.55144
alabama	US	33.2588817	-86.8295336
oklahoma	US	34.9550817	-97.2684062
linkoping	SE	58.4113704	15.6245048
uppsala	SE	59.8594126	17.64112
karlstad	SE	59.3799132	13.502948
ireland	IE	52.865196	-7.9794598
rennes	FR	48.1113387	-1.6800197
picardie	FR	49.60342745	2.87238010608
normandy	FR	49.1214647	0.6071574
austria	AT	47.2000338	13.199959
thuringen	DE	50.7333163	11.0747905
madrid	ES	40.4167047	-3.7035824
melilla	ES	35.2919028	-2.9407145
christchurch	NZ	-43.5309549	172.6366455
arges	RO	44.9929984	24.8468676764
morocco	MA	31.1728192	-7.3366042
ceuta	ES	35.8883614	-5.3041383
constanta	RO	44.1724166	28.620819663
victoria	AU	-36.5986095	144.6780052
tauranga	NZ	-37.6859005	176.167505
kazakhstan	KZ	47.2286086	65.2093197
galicia	ES	42.61946	-7.8631119
tokyo	JP	34.2255804	139.294774527
sendai	JP	38.296829	140.769677
tottori	JP	35.3555075	133.8678525
nagano	JP	36.1143945	138.0319015
bangladesh	BD	24.4768783	90.2932426
ukraine	UA	49.4871968	31.2718321
trnava	SK	48.37315815	17.581375654
poprad	SK	49.2817886	20.6026152
partizanske	SK	48.63468545	18.3605795257
banskobystricky	SK	48.5004495	19.4196737447
fukui	JP	35.897475	136.239270152
lille	FR	50.6305089	3.0706414
oman	OM	21.0000287	57.0036901
kagoshima	JP	31.521587	130.5474077
hyogo	JP	34.914934	134.860666
saskatchewan	CA	54.0	-105.9999999
quebec	CA	54.0	-71.9999999
sydney	AU	-33.8679573	151.210047
darwin	AU	-12.4604399	130.8410469
yokohama	JP	35.444991	139.636768
gainesville	US	29.651907	-82.3247975
kumamoto	JP	32.6450475	130.6341345
fukushima	JP	37.3665245	140.263387765
rome	IT	41.8935085	12.4825526
algeria	DZ	28.0000272	2.9999825
sakai	JP	34.529124	135.50156
halmstad	SE	56.6739826	12.8574827
trollhattan	SE	58.2178681	12.3413859775
bourgogne	FR	47.27808725	4.22248630431
saarland	DE	49.4173988	6.9805789
belgium	BE	50.6407351	4.66696
corsica	FR	42.1640662	9.0982074
hiroshima	JP	34.458065	132.451577
bacau	RO	46.5560493	26.9153557
giurgiu	RO	44.1235263	26.0500444807
wujiagang	CN	30.6513362	111.365370949
cheboksary	RU	56.1311738	47.2454815
fukuoka	JP	33.6251241	130.6180016
alaska	US	64.4459613	-149.6809089
aichi	JP	34.9991645	137.254574
tokushima	JP	34.0698307	134.5550353
ternopil	UA	49.5557716	25.591886
prievidza	SK	48.76054095	18.6510951882
nitra	SK	48.31295	18.0894593
trencin	SK	48.8983802	18.063143669
topolcany	SK	48.5594345	18.1754394
piestany	SK	48.59999965	17.8147669354
kochi	JP	33.6569018	133.5606241
basse_normandie	FR	49.1916795	-0.3621724
brazil	BR	-10.3333332	-53.1999999
nossa_senhora_do_livramento	BR	-15.9002	-56.2929
tasmania	AU	-42.0350669	146.6366887
hamburg	DE	53.5503414	10.000654
aragon	ES	41.3787291	-0.7639372
dambovita	RO	44.92677275	25.4830959311
milan	IT	45.4667971	9.1904984
caen	FR	49.1828008	-0.3690814
buzau	RO	45.26564025	26.7905800706
salfit	PS	32.0847248	35.1823059
cote_d_ivoire	CI	7.9897371	-5.5679457
hong_kong	HK	22.3964	114.1095
georgia_country	GE	41.6809707	44.0287382
guadeloupe	GP	16.2650	-61.5510
new_caledonia	NC	-20.9043	165.6180
noumea	NC	-22.2558	166.4505
dumbea	NC	-22.1560	166.4447
south_australia	AU	-30.5343664	135.6301212
south_auckland	NZ	-36.8534664	174.7655514
north_carolina	US	35.6729639	-79.0392918
new_jersey	US	40.0757384	-74.4041621
rhode_island	US	41.7962409	-71.5992371
new_mexico	US	34.5708167	-105.9930069
south_carolina	US	33.6874388	-80.4363742
champagne_ardenne	FR	48.873066	4.20790995034
franche_comte	FR	47.14258475	6.13202223358
nordrhein_westfalen	DE	51.4785568	7.5533645
la_rioja	ES	42.3285528	-2.4674916
south_dakota	US	44.6471761	-100.3487609
rheinland_pfalz	DE	49.7497346	7.4396553
baden_wurttemberg	DE	48.6296972	9.1949534
mecklenburg_vorpommern	DE	53.7735234	12.5755746
west_virginia	US	38.4758406	-80.8408414
pais_vasco	ES	42.9911816	-2.5543022
north_dakota	US	47.6201461	-100.5407369
nord_pas_de_calais	FR	50.52939535	2.45002734526
haute_normandie	FR	49.37112695	1.02606044427
pays_de_la_loire	FR	47.6594864	-0.8186142
schleswig_holstein	DE	54.1853998	9.8220089
castilla_la_mancha	ES	39.4177902	-2.6232331
banska_bystrica	SK	48.7384028	19.1573494
friuli_venezia_giulia	IT	46.151042	13.055904
salfeet	PS	32.0851	35.1808
guatemala	GT	15.6356088	-89.8988086
colombia	CO	2.893108	-73.7845142
china	CN	35.000074	104.999927
yiwu	CN	29.3068	120.0751
haiti	HT	19.1399952	-72.3570971
mexico	MX	19.4325301	-99.1332101
canada	CA	61.0666922	-107.991707
puerto_rico	PR	18.2459121	-66.4164147
suriname	SR	4.1413025	-56.0771186
thailand	TH	14.8971921	100.83273
panama	PA	8.3096067	-81.3066245
french_polynesia	PF	-17.6797	-149.4068
bora_bora	PF	-16.5004	-151.7415
moorea	PF	-17.5388	-149.8295
tubuai	PF	-23.3749	-149.4836
raiatea	PF	-16.8164	-151.4552
martinique	MQ	14.6415	-61.0242
honduras	HN	15.0610686	-84.5978533
england	GB	52.7954791	-0.540240236617
queensland	AU	-21.9182855	144.4588889
bilthoven	NL	52.14995205	5.21090262051
chile	CL	-31.7613364	-71.3187696
northern_territory	AU	-19.85161	133.2303375
port_chalmers	NZ	-45.8161865	170.6197581
yamagata	JP	38.4746705	140.083237
south_korea	KR	35.3985008	127.937111
ann_arbor	US	42.2681569	-83.731229
montevideo	UY	-34.9059038	-56.1913568
cornell	US	34.1144504	-118.7778677
russia	RU	64.6863136	97.7453061
philippines	PH	12.7503486	122.7312101
leningrad	RU	56.8679338	35.9130863
kawasaki	JP	35.523142	139.708024
bangkok	TH	13.5859219	100.416086602
wellington	NZ	-41.2887638	174.7772239
guildford	GB	51.237195	-0.5811778
oslo	NO	59.9132694	10.7391112
lyon	FR	45.7578137	4.8320114
rotterdam	NL	51.92779805	4.48862326926
amsterdam	NL	52.374436	4.89799560337
baylor	US	33.574962	-99.200061
xuanwu	CN	32.0690275	118.8137518
chongwen	CN	39.881667	116.412222
cnic	CN	39.97951575	116.329245131
dandong	CN	40.1309157	124.383628
shanghai	CN	31.2253441	121.4888922
wuhan	CN	30.5960213	114.2992796
qingdao	CN	36.0895093	120.3497193
shitie	CN	31.753113	108.0941606
jiangsu	CN	33.0000001	119.9999999
harbin	CN	45.7656666	126.6160584
guangdong	CN	23.1357694	113.1982688
anhui	CN	32.0	117.0
xutie	CN	35.9799219	102.4112071
xuzhou	CN	34.2051066	117.278248
tianjin	CN	39.1235635	117.1980785
shanxi	CN	37.0	112.0
qingfeng	CN	35.885917	115.0982895
neimenggu	CN	40.8583311	111.6653608
beijing	CN	39.9059631	116.391248
guizhou	CN	27.0	107.0
hebei	CN	39.0000001	116.0
dianxin	CN	25.31928	101.71855
fujian	CN	26.5450001	117.842778
kuntie	CN	25.0515153	102.7017638
chaoyang	CN	41.5754767	120.4390738
jilin	CN	42.9995032	125.9816054
almaty	KZ	43.21984255	76.9183518875
gifu	JP	35.7867449	137.0460777
udon_thani	TH	17.45708785	102.83647597
yamanashi	JP	35.6399328	138.6380495
memphis	US	35.1490215	-90.0516284
athens	GR	37.9841493	23.7279843
johannesburg	ZA	-26.2049999	28.0497222
tashkent	UZ	41.3123363	69.2787079
mongolia	MN	46.8250388	103.8499736
horsham	GB	51.0659819	-0.3189487
ecuador	EC	-1.3397667	-79.3666964
kiev	UA	50.4501071	30.5240501
houston	US	29.7589382	-95.3676973
trinidad	TT	10.4432392	-61.2608331445
nanjing	CN	32.0609736	118.7916458
albany	US	42.6511674	-73.7549679
tonga	TO	-19.9160818	-175.2026423
india	IN	22.3511148	78.6677428
new_zealand	NZ	-41.500083	172.8344077
lackland	US	29.3827609	-98.5984180338
cordoba	AR	-32.096736	-63.7940922
poland	PL	52.0977181	19.0258159
berkeley	US	37.8708393	-122.2728638
ningxia	CN	37.0000001	105.9999999
du	CN	27.180171	113.483764
hunan	CN	27.9995878	112.009538
prague	CZ	50.0874654	14.4212503
dunedin	NZ	-45.8739281	170.503488
cheng_mei	CN	22.3385961	114.136566747
oita	JP	33.1818742	131.4273182
habana	CU	23.1379911	-82.3658561
yunnan	CN	25.0	102.0
south_africa	ZA	-28.8166235	24.991639
malaysia	MY	2.3923759	112.8471939
scotland	GB	56.7861112	-4.1140517
enschede	NL	52.22336325	6.8705956641
akita	JP	39.6898802	140.342608
umea	SE	63.8256568	20.2630745
nijmegen	NL	51.84260195	5.83851961199
suita	JP	34.764884	135.51735
waikato	NZ	-37.77922715	175.201032325
nice	FR	43.7009358	7.2683912
nanchang	CN	28.6971096	115.8976324
geneva	CH	46.2017559	6.1466014
guangxi	CN	24.0	109.0
yantai	CN	37.5340488	121.389463
shenzhen	CN	22.5442673	114.0545327
shandong	CN	36.0000001	118.9999999
hainan	CN	19.2000001	109.5999999
guangzhou	CN	23.1300037	113.259001
mayoclinic	US	33.6588	-111.9564
nong_phai_lom	TH	16.5751325	102.1087815
anning	CN	24.9248708	102.4844287
heilongjiang	CN	47.75	128.0
sichuan	CN	30.66667	104.06667
zhejiang	CN	30.29365	120.16142
hubei	CN	30.58333	114.26667
chengdu	CN	30.66667	104.06667
anshan	CN	41.12361	122.99
belarus	BY	53.0	28.0
virgin_islands	US	47.92789	-121.33844
united_kingdom	GB	51.50853	-0.12574
siena	IT	43.31822	11.33064
saga	JP	33.23333	130.3
nagasaki	JP	32.75	129.88333
switzerland	CH	47.00016	8.01427
minsk	BY	53.9	27.56667
kharkiv	UA	49.98081	36.25272
groningen	NL	53.21917	6.56667
seoul	KR	37.566	126.9784
vilnius	LT	54.68916	25.2798
goroka	PG	-6.08336	145.38735
oms	FR	42.54325	2.69647
tilburg	NL	51.55551	5.0913
nashville	US	36.16589	-86.78444
buenos_aires	AR	-34.61315	-58.37723
charlottesville	US	38.02931	-78.47668
grenada	GD	12.11667	-61.66667
argentina	AR	-34.0	-64.0
vienna	AT	48.20849	16.37208
christchurch	BB	13.06667	-59.53333
santiago	CL	-33.45694	-70.64827
ulan_ude	RU	51.82721	107.60627
romania	RO	46.0	25.0
wuzhou	CN	23.4567	111.248
japan	JP	35.68536	139.75309
nishinomiya	JP	34.7376	135.3416
kwangju	KR	35.15472	126.91556
kasauli	IN	30.89856	76.96587
kamata	JP	35.56348	139.72101
hanfang	CN	36.8955	117.666
eindhoven	NL	51.44083	5.47778
oviedo	ES	43.36029	-5.84476
atlanta	US	33.749	-84.38798
henan	CN	34.0	113.66667
xining	CN	36.62554	101.75739
saudi_arabia	SA	25.0	45.0
madagascar	MG	-20.0	47.0
los_angeles	US	34.05223	-118.24368
kitakyushu	JP	33.85181	130.85034
florence	IT	43.77925	11.24626
xianfeng	CN	29.74237	108.95305
mie	JP	34.73333	136.51667
cottbus	DE	51.75769	14.32888
guam	GU	13.51777	144.8391
caracas	VE	10.48801	-66.87919
santa_fe	US	35.68698	-105.9378
nizhny_novgorod	RU	56.32867	44.00205
kobe	JP	34.6913	135.183
changwon	KR	35.22806	128.68111
nagoya	JP	35.18147	136.90641
sophia	US	37.70761	-81.25066
indonesia	ID	-5.0	120.0
uruguay	UY	-33.0	-56.0
hannover	DE	52.37052	9.73322
canterbury	NZ	-43.53333	172.63333
south_canterbury	NZ	-43.75	172.01667
western_australia	AU	-31.95224	115.8614
misawa	JP	40.68682	141.38969
new_south_wales	AU	-33.86785	151.20732
peru	PE	-10.0	-75.25
okinawa	JP	26.5	127.93333
temple	US	31.09823	-97.34278
french_guiana	GF	4.93333	-52.33333
salamanca	ES	40.96882	-5.66388
dakar	SN	14.6937	-17.44406
latvia	LV	57.0	25.0
denmark	DK	56.0	10.0
uberlandia	BR	-18.91861	-48.27722
ostrava	CZ	49.83465	18.28204
hanoi	VN	21.0245	105.84117
shijiazhuang	CN	38.04139	114.47861
liaoning	CN	41.25	122.66667
toulouse	FR	43.60426	1.44367
fatick	SN	14.28333	-16.5
mauritius	MU	-20.3	57.58333
daegu	KR	35.87028	128.59111
fes	MA	34.03313	-5.00028
craiova	RO	44.31667	23.8
shizuoka	JP	34.98333	138.38333
sparti	GR	36.9739	22.5263
tehran	IR	35.69439	51.42151
rabat	MA	34.01325	-6.83255
kenitra	MA	34.26101	-6.5802
espirito_santo	BR	-20.0	-40.75
west_coast	NZ	-42.45658	171.22081
rio_de_janeiro	BR	-22.90278	-43.2075
maputo	MZ	-25.96553	32.58322
durban	ZA	-29.8579	31.0292
dublin	IE	53.33306	-6.24889
neuquen	AR	-38.95161	-68.0591
chaco	AR	-26.33333	-60.5
ushuaia	AR	-54.8	-68.3
mar_del_plata	AR	-38.00228	-57.55754
chongqing	CN	29.56278	106.55278
busan	KR	35.10278	129.04028
gyeonggi	KR	37.29111	127.00889
gangwon	KR	37.75	128.25
zaragoza	ES	41.65606	-0.87734
greece	GR	39.0	22.0
okayama	JP	34.65	133.93333
iwate	JP	39.7	141.15
lusaka	ZM	-15.40669	28.28713
kadoma	JP	34.7381	135.57442
podgorica	ME	42.44111	19.26361
nong_khai	TH	17.87847	102.742
castro	CL	-42.48854	-73.77504
segovia	ES	40.94808	-4.11839
trieste	IT	45.64325	13.7903
parma	IT	44.79935	10.32618
rochester	US	43.15478	-77.61556
vietnam	VN	16.16667	107.83333
zagreb	HR	45.81444	15.97798
liao_shen	CN	41.79222	123.43278
casablanca	MA	33.58831	-7.61138
marrakech	MA	31.63416	-7.99994
hutt	NZ	-41.21667	174.91667
nelson	NZ	-41.27078	173.28404
rio_grande_do_sul	BR	-30.0	-53.5
zhangzhou	CN	24.51333	117.65556
misiones	AR	-26.81427	-54.34387
mendoza	AR	-32.89084	-68.82717
tucuman	AR	-26.82414	-65.2226
incheon	KR	37.45646	126.70515
nara	JP	34.68505	135.80485
kagawa	JP	34.33333	134.05
cuba	CU	22.0	-79.5
tak	TH	16.58333	98.83333
nepal	NP	28.0	84.0
samara	RU	53.20007	50.15
israel	IL	31.5	34.75
wuxi	CN	31.56887	120.28857
shantou	CN	23.36814	116.71479
hangzhou	CN	30.29365	120.16142
shaoguan	CN	24.8	113.58333
vladimir	RU	56.13655	40.39658
la_plata	AR	-34.92145	-57.95453
salta	AR	-24.7859	-65.41166
ehime	JP	33.61667	132.85
tahiti	PF	-17.53733	-149.5665
st_petersburg	RU	59.93863	30.31413
genoa	IT	44.4264	8.91519
gansu	CN	37.75	102.75
reunion	FR	47.38333	0.68333
jochiwon	KR	36.60158	127.2959
paraguay	PY	-23.33333	-58.0
san_sebastian	ES	43.31283	-1.97499
jeollanam	KR	34.75	127.0
saraburi	TH	14.53333	100.91667
congo	CD	-2.5	23.5
montpellier	FR	43.61092	3.87723
khabarovsk	RU	48.48271	135.08379
poitiers	FR	46.58333	0.33333
ningbo	CN	29.87819	121.54945
london	GB	51.50853	-0.12574
durham	US	35.99403	-78.89862
tay_nguyen	VN	19.28705	105.55587
jeju	KR	33.50972	126.52194
gwangju	KR	35.15472	126.91556
chungnam	KR	36.8065	127.1522
inverness	GB	57.47908	-4.22398
mae_hong_son	TH	19.30029	97.96852
chita	RU	52.03171	113.50087
solomon_islands	SB	-8.0	159.0
jiangxi	CN	27.66667	115.66667
sofia	BG	42.69751	23.32415
omsk	RU	54.99244	73.36859
el_salvador	SV	13.68935	-89.18718
belem	BR	-1.45583	-48.50444
urumqi	CN	43.80096	87.60046
otago	NZ	-45.87416	170.50361
morioka	JP	39.7	141.15
phitsanulok	TH	16.82481	100.25858
parana	BR	-25.42778	-49.27306
xiamen	CN	24.47979	118.08187
yilan	TW	24.757	121.753
kinmen	TW	24.42789	118.3592
taipei	TW	25.04776	121.53185
pretoria	ZA	-25.74486	28.18783
lazio	IT	41.89193	12.51133
yamaguchi	JP	34.18333	131.46667
lop_buri	TH	14.79808	100.65397
ratchaburi	TH	13.53671	99.81712
kamphaeng_phet	TH	16.48344	99.52153
pune	IN	18.51957	73.85535
bolivia	BO	-17.0	-65.0
kyonggi	KR	37.385	127.37278
concepcion	CL	-36.82699	-73.04977
sri_lanka	LK	7.75	80.75
shaanxi	CN	34.25833	108.92861
qinghai	CN	36.0	96.0
surrey	GB	51.31903	-0.55893
bac_giang	VN	21.27307	106.1946
ulsan	KR	35.53722	129.31667
chungbuk	KR	36.63722	127.48972
prachin_buri	TH	14.08333	101.66667
turkey	TR	39.0	35.0
macau	CN	25.17766	111.05025
district_of_columbia	US	38.89511	-77.03637
gisborne	NZ	-38.65333	178.00417
bay_of_plenty	NZ	-37.68611	176.16667
ashburton	NZ	-43.66667	171.5
chanthaburi	TH	12.60961	102.10447
taoyuan	TW	24.99368	121.29696
changzhou	CN	31.77359	119.95401
barcelona	ES	41.38879	2.15899
talcahuano	CL	-36.72494	-73.11684
jiangan	CN	33.78333	119.18333
slovakia	SK	48.66667	19.5
malmo	SE	55.60587	13.00073
limoges	FR	45.83153	1.25781
euskadi	ES	43.26271	-2.92528
sa_kaeo	TH	13.81411	102.07222
nonthaburi	TH	13.86075	100.51477
arkhangelsk	RU	64.5401	40.5433
aomori	JP	40.81667	140.73333
songkhla	TH	7.19882	100.5951
whanganui	NZ	-41.28664	174.77557
hung_yen	VN	20.64637	106.05112
ayutthaya	TH	14.35167	100.57739
kyongbuk	KR	35.84278	129.21167
ceara	BR	-3.71722	-38.54306
kyrgyzstan	KG	41.5	75.0
yaroslavl	RU	57.62987	39.87368
minas_gerais	BR	-19.92083	-43.93778
pingtung	TW	22.04107	120.73021
northern_ireland	GB	54.75844	-2.69531
trento	IT	46.06787	11.12108
jeonnam	KR	34.75	127.0
jamaica	JM	18.16667	-77.25
yucatan	MX	20.75	-88.83333
daejeon	KR	36.32139	127.41972
gyeongnam	KR	35.22806	128.68111
chachoengsao	TH	13.6882	101.07156
gyeongbuk	KR	35.84278	129.21167
rio_do_sul	BR	-30.0	-53.5
hungary	HU	47.0	20.0
zamora	ES	41.50633	-5.74456
kyongnam	KR	35.22806	128.68111
middleburg	ZA	-30.05631	26.62619
delhi	IN	28.65195	77.23149
myanmar	MM	21.0	96.0
xicheng	CN	27.07658	116.76327
chennai	IN	13.08784	80.27847
cambodia	KH	13.0	105.0
kolkata	IN	22.56263	88.36304
marseille	FR	43.29695	5.38107
danyang	CN	31.99874	119.57836
piura	PE	-5.19449	-80.63282
iquitos	PE	-3.74912	-73.25383
luxembourg	LU	49.61167	6.13
pavia	IT	45.19205	9.15917
ulaanbaatar	MN	47.90771	106.88324
hamedan	IR	34.79922	48.51456
jeonbuk	KR	35.82194	127.14889
khovd	MN	48.00556	91.64194
chengguan	CN	36.08169	103.88198
iran	IR	32.0	53.0
sari	IR	36.56332	53.06009
leiden	NL	52.15833	4.49306
pandharpur	IN	17.67924	75.33098
haishu	CN	29.85	121.54667
venezuela	VE	8.0	-66.0
aragua	VE	10.2313	67.2848
hedong	CN	38.3228	106.38817
nakhon_ratachasima	TH	14.9738	102.0837
suphanburi	TH	14.4745	100.1177
azarbayejan_sharghi	IR	37.9036	46.2682
saint_lucia	LC	13.88333	-60.96667
suphan_buri	TH	14.47418	100.12218
gangnam	KR	37.4951	127.06278
luohu	CN	22.55333	114.12639
lipetsk	RU	52.60311	39.57076
nouakchott	MR	18.08581	-15.9785
pudong	CN	31.14338	121.80521
novosibirsk	RU	55.0415	82.9346
krasnoyarsk	RU	56.01839	92.86717
chelyabinsk	RU	55.15402	61.42915
dangtu	CN	31.46442	118.64003
tumbes	PE	-3.56694	-80.45153
alexandroupolis	GR	40.84995	25.87644
maldonado	PE	-12.59331	-69.18913
chanchamayo	PE	-11.05	-75.31667
cusco	PE	-13.52264	-71.96734
yurimaguas	PE	-5.89377	-76.11821
managua	NI	12.13282	-86.2504
madre_de_dios	PE	-12.0	-70.25
shiraz	IR	29.61031	52.53113
iraq	IQ	33.0	44.0
azerbaijan	AZ	40.37767	49.89201
kisumu	KE	-0.10221	34.76171
djibouti	DJ	11.58901	43.14503
wenzhou	CN	27.99942	120.66682
dibrugarh	IN	27.47989	94.90837
nanguan	CN	43.86214	125.34138
ribeirao_preto	BR	-21.1775	-47.81028
pucallpa	PE	-8.37915	-74.55387
yuhua	CN	28.1301	113.03791
longzhou	CN	38.43417	114.53889
maracay	VE	10.23535	-67.59113
thessaloniki	GR	40.64361	22.93086
xinjiang	CN	43.80096	87.60046
zhuhai	CN	22.27694	113.56778
tabriz	IR	38.08	46.2919
khuzestan	IR	31.31901	48.6842
golestan	IR	36.8427	54.44391
esfahan	IR	32.65246	51.67462
babol	IR	36.55132	52.67895
sukhbaatar	MN	46.25	113.5
haizhu	CN	23.10056	113.25222
uzbekistan	UZ	41.66667	63.83333
petropavlovsk	KZ	54.86667	69.15
nigeria	NG	10.0	8.0
futian	CN	22.54	114.10583
toulon	FR	43.11667	5.93333
miyazaki	JP	31.91667	131.41667
choibalsan	MN	48.1357	114.646
juliaca	PE	-15.5	-70.13333
arequipa	PE	-16.39889	-71.535
cook_islands	CK	-21.24842	-159.78516
cape_town	ZA	-33.92584	18.42322
nairobi	KE	-1.28333	36.81667
gulou	CN	34.28468	117.17633
donghu	CN	28.7	115.85
shenqiu	CN	33.28899	115.1805
quito	EC	-0.22985	-78.52495
xixiangtang	CN	22.84001	108.31122
yuzhong	CN	29.55208	106.53814
kunming	CN	25.03889	102.71833
bethesda	US	38.98067	-77.10026
wuchang	CN	44.91428	127.15001
astrakhan	RU	46.34968	48.04076
bordeaux	FR	44.84044	-0.5805
osorno	CL	-40.57395	-73.13348
lima	PE	-12.04318	-77.02824
puno	PE	-15.8422	-70.0199
southland	NZ	-45.66667	168.0
nankai	CN	39.10909	117.14947
cheshire	GB	53.1905	-2.89189
chu	KR	33.50972	126.52194
yekaterinburg	RU	56.8519	60.6122
murmansk	RU	68.97917	33.09251
arvaikheer	MN	46.2503	102.802
kastoria	GR	40.52165	21.26341
metapan	SV	14.31667	-89.48333
sullana	PE	-4.90389	-80.68528
bahia	BR	-12.97111	-38.51083
beilin	CN	34.1425	108.85778
yazd	IR	31.89722	54.3675
khorasan	IR	36.31559	59.56796
kuwait	KW	29.5	47.75
kilkis	GR	40.99302	22.87433
kenya	KE	1.0	38.0
ho_chi_minh	VN	10.82302	106.62965
long_an	VN	10.38639	105.43518
rostov_on_don	RU	47.23135	39.72328
gyeongsangbuk	KR	35.84278	129.21167
ekaterinburg	RU	56.8519	60.6122
qatar	QA	25.27932	51.52245
wuling	CN	28.56288	109.48875
novi_sad	RS	45.25167	19.83694
algiers	DZ	36.7525	3.04197
ryazan	RU	54.6269	39.6916
yunan	CN	23.02975	111.61734
santa_catarina	BR	-27.0	-50.0
nagpur	IN	21.14631	79.08491
vellore	IN	12.9184	79.13255
maojian	CN	32.5918	110.90767
guayas	EC	-2.20584	-79.90795
cochabamba	BO	-17.3895	-66.1568
iquique	CL	-20.22036	-70.13913
catalonia	ES	41.38879	2.15899
lang_son	VN	21.83333	106.58333
hue	VN	16.4619	107.59546
cameroon	CM	6.0	12.5
sainshand	MN	44.88239	110.11631
toronto	CA	43.70011	-79.4163
kermanshah	IR	34.31417	47.065
british_columbia	CA	49.24966	-123.11934
huanggu	CN	41.8475	123.3825
puerto_montt	CL	-41.46691	-72.94956
serres	GR	41.08499	23.54757
dnipropetrovsk	UA	48.45	34.98333
soligorsk	BY	52.7876	27.5415
tula	RU	54.19609	37.61822
evros	GR	40.85587	25.95626
northern_mariana_islands	MP	15.21233	145.7545
junin	PE	-12.06513	-75.20486
ancon	PE	-11.70158	-77.09882
hongqiao	CN	31.19787	121.33632
mogilev	BY	53.9168	30.3449
valladolid	ES	41.65518	-4.72372
hoa_binh	VN	20.81717	105.33759
cheongju	KR	36.63722	127.48972
tunisia	TN	36.81897	10.16579
valparaiso	CL	-33.03932	-71.62725
ivacevichi	BY	52.709	25.3401
kisii	KE	-0.75	34.83333
medellin	CO	6.25184	-75.56359
asuncion	PY	-25.30066	-57.63591
rivne	UA	50.62308	26.22743
plzen	CZ	49.74747	13.37759
belgrade	RS	44.80401	20.46513
canarias	ES	28.09973	-15.41343
alupe	KE	0.5	34.11667
afghanistan	AF	33.0	66.0
tegucigalpa	HN	14.0818	-87.20681
andaman	IN	11.66667	92.75
jinnan	CN	38.985	117.38278
jihlava	CZ	49.3961	15.59124
voronezh	RU	51.67204	39.1843
orkhon	MN	49.03333	104.08333
alberta	CA	51.05011	-114.08529
dominican_republic	DO	18.50012	-69.98857
rio_san_juan	DO	19.6399	-70.0712
valdivia	CL	-39.81422	-73.24589
cherkasy	UA	49.42854	32.06207
malindi	KE	-3.21799	40.11692
fort_benning	US	32.33732	-84.99128
huairou	CN	40.32353	116.63076
warsaw	PL	52.22977	21.01178
burgos	ES	42.34106	-3.70184
ha_nam	VN	20.53333	105.96667
nyiregyhaza	HU	47.95539	21.71671
bac_ninh	VN	21.1	106.1
dominica	DM	15.5	-61.33333
kericho	KE	-0.273	35.383
ucayali	PE	-9.75	-73.5
chorrillos	PE	-12.19265	-77.00589
nanhui	CN	31.03188	121.75906
penza	RU	53.20066	45.00464
khanh_hoa	VN	12.24507	109.19432
da_nang	VN	16.06778	108.22083
lebanon	LB	33.88894	35.49442
mazandaran	IR	36.25	52.33333
andalucia	NI	37.6	-4.5
liverpool	GB	53.41058	-2.97794
trujillo	PE	-8.11599	-79.02998
zarumilla	PE	-3.66667	-80.25
mombasa	KE	-4.05466	39.66359
isiolo	KE	0.98333	38.53333
xigong	CN	34.68694	112.42306
seychelles	SC	-4.58333	55.66667
nicaragua	NI	13.0	-85.0
nueva_segovia	NI	13.7894	-86.0122
chinandega	NI	12.6235	87.1273
ciudad_sandino	NI	12.1565	86.3529
luhansk	UA	48.56705	39.31706
montserrat	MS	16.75	-62.2
pachpadra	IN	25.92295	72.25247
mumbai	IN	19.07283	72.88261
papua_new_guinea	PG	-6.0	147.0
volos	GR	39.36103	22.94248
birjand	IR	32.86628	59.22114
qazvin	IR	36.26877	50.0041
vladivostok	RU	43.10562	131.87353
coyhaique	CL	-45.59421	-72.10613
beitang	CN	28.55842	115.67855
weicheng	CN	36.70639	119.05389
tulufan	CN	42.93333	89.16667
hunedoara	RO	45.75	22.9
guayaquil	EC	-2.20584	-79.90795
manhean	GH	5.64364	-0.34615
olsztyn	PL	53.77995	20.49416
kursk	RU	51.73733	36.18735
naypyitaw	MM	19.745	96.12972
sagamihara	JP	35.55	139.35
donetsk	UA	48.023	37.80224
accra	GH	5.55602	-0.1969
yangon	MM	16.80528	96.15611
bogota	CO	4.60971	-74.08175
guix	CN	41.74011	1.85082
buenos_aires	BR	-7.72	-35.32
qiaokou	CN	30.57647	114.261
tay_ninh	VN	11.31004	106.09828
santa_cruz	BO	-17.78629	-63.18117
chubut	AR	-44.0	-69.0
vologda	RU	59.2239	39.88398
quanshan	CN	34.22548	117.17498
torino	IT	45.07049	7.68682
jinshui	CN	34.81756	113.73921
lesvos	GR	39.11	26.55472
ninghe	CN	39.46194	117.7625
panchgani	IN	17.92449	73.8008
thai_binh	VN	20.45	106.34002
tver	RU	56.85836	35.90057
sergipe	BR	-10.5	-37.33333
tanger	MA	35.76727	-5.79975
larissa	GR	39.63689	22.41761
surat_thani	TH	9.14011	99.33311
macva	RS	44.76667	19.5
puebla	MX	19.04334	-98.20193
montreal	CA	45.50884	-73.58781
mexico_city	MX	19.42847	-99.12766
san_diego	US	32.71533	-117.15726
nova_scotia	CA	45.00015	-62.99865
newfoundland	CA	52.0	-56.0
manitoba	CA	49.8844	-97.14704
san_francisco	US	37.77493	-122.41942
valencia	ES	39.46975	-0.37739
silver_spring	US	38.99067	-77.02609
southampton	GB	50.90395	-1.40428
glasgow	GB	55.86515	-4.25763
leicester	GB	52.6386	-1.13169
brownsville	US	25.90175	-97.49748
maldonando	UY	-34.9054	-54.9502
kamianske	UA	48.5231	34.6137
kwa_zulu_natal	ZA	-28.5306	30.8958
dornogovi	MN	44.5	110.0
edinburgh	GB	55.95206	-3.19648
leeds	GB	53.79648	-1.54785
cambridge	US	42.3751	-71.10561
birmingham	GB	52.48142	-1.89983
palau	PW	7.33978	134.47326
cherry_point	US	34.90087	-76.88073
cyprus	CY	35.0	33.0
estonia	EE	59.0	26.0
san_antonio	US	29.42412	-98.49363
changsha	CN	28.19874	112.97087
jianhua	CN	47.38784	123.99642
costa_rica	CR	10.0	-84.0
syria	SY	35.0	38.0
british_virgin_islands	VG	18.42693	-64.62079
sao_paulo	BR	-23.5475	-46.63611
utsunomiya	JP	36.56667	139.88333
cologne	DE	50.93333	6.95
strasbourg	FR	48.58392	7.74553
vicenza	IT	45.54672	11.5475
verona	IT	45.4299	10.98444
yuelu	CN	28.19628	112.93703
padova	IT	45.40797	11.88586
bhutan	BT	27.5	90.5
helsinki	FI	60.16952	24.93545
new_brunswick	CA	45.94541	-66.66558
brawley	US	32.99178	-115.51358
bristol	GB	51.45523	-2.59665
bedford	GB	52.13459	-0.46632
gothenburg	SE	57.70716	11.96679
st_louis	US	38.62727	-90.19789
samoa	WS	-13.8	-172.13333
mashad	IR	36.31559	59.56796
santo	BR	-20.0	-40.75
barbados	BB	13.16667	-59.53333
fuzhou	CN	26.06139	119.30611
himeji	JP	34.81667	134.7
regensburg	DE	49.01513	12.10161
portugal	PT	39.6945	-8.13057
pernambuco	BR	-8.05389	-34.88111
middlesex	GB	51.5	-0.41667
nottingham	GB	52.9536	-1.15047
flanders	BE	51.21989	4.40346
port_moresby	PG	-9.44314	147.17972
moldova	MD	47.25	28.58333
cluj	RO	46.76667	23.6
leon	ES	41.65518	-4.72372
abu_dhabi	AE	24.46667	54.36667
malta	MT	35.91667	14.43333
cayman_islands	KY	19.2866	-81.37436
ancona	IT	43.5942	13.50337
monterrey	MX	25.67507	-100.31847
bangalore	IN	12.97194	77.59369
ptolemaida	GR	40.51472	21.67861
manchester	GB	53.48095	-2.23743
ankara	TR	39.91987	32.85427
nauru	NR	-0.517	166.933
zrenjanin	RS	45.38361	20.38194
hyderabad	IN	17.38405	78.45636
san_salvador	SV	13.68935	-89.18718
minya	EG	28.10988	30.7503
grenoble	FR	45.16667	5.71667
macedonia	MK	41.66667	21.75
ethiopia	ET	9.0	39.5
castile_and_leon	ES	41.65518	-4.72372
bermuda	BM	32.2949	-64.78303
mato_grosso	BR	-13.0	-56.0
wallonia	BE	50.63373	5.56749
new_bern	US	35.10849	-77.04411
la_paz	BO	-16.5	-68.15
craven	GB	52.44308	-2.83562
zahedan	IR	29.4963	60.8629
candos	MU	-20.27333	57.47556
kaluga	RU	54.5293	36.27542
narita	JP	35.76472	140.38639
alagoas	BR	-9.66583	-35.73528
vancouver	CA	49.24966	-123.11934
lambeth	GB	51.46593	-0.10652
berkshire	GB	51.5	-1.25
kiribati	KI	1.421	172.984
bethlehem	PS	31.70487	35.20376
distrito_federal	BR	-15.77972	-47.92972
anguilla	AI	18.21704	-63.05783
matagalpa	NI	12.92559	-85.91747
jammu_kashmir	IN	33.91667	76.66667
rajasthan	IN	26.58333	73.83333
tanzania	TZ	-6.0	35.0
pakistan	PK	30.0	70.0
turin	IT	45.07049	7.68682
frankfurt	DE	50.11552	8.68417
addis_ababa	ET	9.02497	38.74689
wurzburg	DE	49.79391	9.95121
tallinn	EE	59.43696	24.75353
hertfordshire	GB	51.65531	-0.39602
plymouth	GB	50.37153	-4.14305
exeter	GB	50.7236	-3.52751
lincolnshire	GB	53.22683	-0.53792
peterborough	GB	52.57364	-0.24777
sheffield	GB	53.38297	-1.4659
belfast	GB	54.59682	-5.92541
dundee	GB	56.46913	-2.97489
munich	DE	48.13743	11.57549
kakamega	KE	0.28422	34.75229
kosovo	KV	42.58333	20.91667
kapenguria	KE	1.23333	35.11667
pensacola	US	30.42131	-87.21691
bonn	DE	50.87894	7.12292
bochum	DE	51.48165	7.21648
hvidovre	DK	55.65719	12.47364
orel	RU	52.96508	36.07849
tambov	RU	52.73169	41.44326
zhoushan	CN	29.9342	122.362
terrassa	ES	41.56667	2.01667
odense	DK	55.39594	10.38831
yokosuka	JP	35.28361	139.66722
tajikistan	TJ	39.0	71.0
cardiff	GB	51.48	-3.18
swansea	GB	51.62079	-3.94323
belgorod	RU	50.61074	36.58015
magadan	RU	59.5638	150.80347
barnaul	RU	53.36056	83.76361
chernihiv	UA	51.50551	31.28487
lviv	UA	49.83826	24.02324
kathmandu	NP	27.70169	85.3206
ulaangom	MN	49.98111	92.06667
lishui	CN	28.46042	119.91029
assam	IN	26.0	93.0
indore	IN	22.71792	75.8333
languedoc_roussillon	FR	43.53333	3.23333
madhya_pradesh	IN	23.5	78.5
kikuyu	KE	-1.21667	36.66667
trans_nzoia	KE	1.01572	35.00622
tanggu	CN	39.02111	117.64694
budapest	HU	47.49801	19.03991
copenhagen	DK	55.67594	12.56553
jinhua	CN	29.10678	119.64421
palencia	ES	42.00955	-4.52406
gerrards_cross	GB	51.5861	-0.55543
brussels	BE	50.85045	4.34878
tessenderlo	BE	51.06513	5.08856
gdansk	PL	54.35205	18.64637
ruzhou	CN	34.15245	112.80498
hualong	CN	35.78245	115.0338
volgograd	RU	48.71939	44.50183
stavropol	RU	45.0428	41.9734
bahrain	BH	26.22787	50.58565
ivano_frankivsk	UA	48.9215	24.70972
acores	PT	37.80847	-25.47466
gibraltar	GB	53.1	0.33333
ratnagiri	IN	16.99154	73.31022
heping	CN	29.3519	89.31
lagos	NG	6.45407	3.39467
wroclaw	PL	51.1	17.03333
bamako	ML	12.65	-8.0
amman	JO	31.95522	35.94503
kent	GB	51.38914	0.54863
oxfordshire	GB	51.75222	-1.25596
aarhus	DK	56.15674	10.21076
weidu	CN	34.03966	113.81397
ivanovo	RU	56.99719	40.97139
usti	CZ	50.6607	14.03227
darkhan_uul	MN	49.48667	105.92278
annecy	FR	45.9	6.11667
perm	RU	58.01046	56.25017
zakarpattia	UA	48.16042	24.49955
tomsk	RU	56.49771	84.97437
armenia	AM	40.18111	44.51361
orebro	SE	59.27412	15.2066
uttar_pradesh	IN	26.46523	80.34975
west_bengal	IN	22.56263	88.36304
jabalpur	IN	23.16697	79.95006
taizhou	CN	32.49069	119.90812
ilfov	RO	44.58333	26.16667
aalborg	DK	57.048	9.9187
chicago	US	41.85003	-87.65005
meghalaya	IN	25.5	91.33333
newark	US	40.73566	-74.17237
scunthorpe	GB	53.57905	-0.65437
aldershot	GB	51.24827	-0.76389
poole	GB	50.71429	-1.98458
aylesbury	GB	51.81665	-0.81458
kitale	KE	1.01572	35.00622
xuchang	CN	34.14778	113.71472
weidong	CN	33.78038	113.35095
ruyang	CN	34.05092	112.45459
baofeng	CN	33.94213	112.42863
ulyanovsk	RU	54.32824	48.38657
anadyr	RU	64.73424	177.5103
kirovohrad	UA	48.5132	32.2597
jeddah	SA	21.54238	39.19797
braila	RO	45.26667	27.98333
maramures	RO	47.66667	24.0
cornwall	GB	50.44056	-4.99541
yakutsk	RU	62.03389	129.73306
soria	ES	41.76401	-2.46883
aswan	EG	24.09082	32.89942
trabzon	TR	41.005	39.72694
giannitsa	GR	40.79194	22.4075
sumy	UA	50.9216	34.80029
poltava	UA	49.59373	34.54073
chernivtsi	UA	48.29149	25.94034
gvardeyskiy	KZ	43.57984	75.21392
rhodes	GR	36.40542	28.08619
poitou_charentes	FR	44.84044	-0.5805
haryana	IN	29.25	76.33333
antalya	TR	36.90812	30.69556
patna	IN	25.59408	85.13563
harghita	RO	46.58333	25.41667
brighton	GB	50.82838	-0.13947
steyning	GB	50.88744	-0.32787
antwerp	BE	51.21989	4.40346
salekhard	RU	66.53	66.60194
brno	CZ	49.19522	16.60796
katerini	GR	40.26956	22.50608
volyn	UA	50.75932	25.34244
taraz	KZ	42.9	71.36667
punjab	IN	31.62234	74.87534
goa	IN	15.33333	74.08333
changchun	CN	43.88	125.32278
bishkek	KG	42.87	74.59
port_au_prince	HT	18.53917	-72.335
ashgabat	TM	37.95	58.38333
huntingdon	GB	52.33049	-0.18651
kwanza	KE	1.16581	35.00037
dongcheng	CN	28.50389	112.81083
blagoveshchensk	RU	50.27961	127.5405
helwan	EG	29.84144	31.30084
sulaimani	IQ	35.56496	45.4329
belize	BZ	17.49952	-88.19756
zavkhan	MN	48.0	96.0
uttarakhand	IN	30.25	79.25
portsmouth	GB	50.79899	-1.09125
zhongyuan	CN	34.76333	113.60222
wenjiang	CN	30.71634	103.82125
pondicherry	IN	11.93381	79.82979
jakarta	ID	-6.21462	106.84513
saint_etienne	FR	45.43389	4.39
eastern_india	IN	15.01026	78.77116
wythenshawe	GB	53.38027	-2.2654
nashik	IN	19.99727	73.79096
xian	CN	34.25833	108.92861
kerkira	GR	39.62069	19.91975
derbyshire	GB	52.92277	-1.47663
yap	FM	9.51638	138.12167
pohnpei	FM	6.964	158.206
brunei	BN	4.5	114.66667
jiangyin	CN	31.91102	120.26302
lithuania	LT	55.41667	24.0
morobe	PG	-6.72208	146.98469
western_sepik	PG	-5.66886	144.46204
meru	KE	0.0	37.518
orenburg	RU	51.7727	55.0988
great_lakes	US	45.68751	-84.43753
north_west_territories	CA	68.86243	-133.76101
rostov	RU	47.23135	39.72328
xizang	CN	29.65	91.1
chuuk	FM	7.45154	151.8468
jena	DE	50.92878	11.5899
karnataka	IN	12.97194	77.59369
nyeri	KE	-0.42013	36.94759
keiyo	KE	0.47754	35.55889
goias	BR	-16.67861	-49.25389
county_durham	GB	54.77676	-1.57566
astana	KZ	51.1801	71.44598
gloucester	GB	51.86568	-2.2431
ialomita	RO	44.66667	27.0
kosrae	FM	5.32479	163.00781
lorestan	IR	33.5	48.5
qom	IR	34.6401	50.8764
crete	GR	35.32787	25.14341
chattisgarh	IN	21.5	82.0
eldoret	KE	0.52036	35.26993
garissa	KE	-0.45275	39.64601
cape_may	US	39.00928	-74.90795
norwich	GB	52.62783	1.29834
reading	GB	51.45625	-0.97113
tetbury	GB	51.63944	-2.16222
tuvalu	TV	-8.51719	179.14478
modra	SK	48.33397	17.30711
zakynthos	GR	37.78333	20.78333
vadodara	IN	22.29941	73.20812
gujarat	IN	23.02579	72.58727
kerala	IN	10.41667	76.5
giessen	DE	50.58727	8.67554
embu	KE	-0.53112	37.45061
piaui	BR	-7.25	-42.33333
pendleton	US	38.69563	-84.36027
zambia	ZM	-14.33333	28.5
kurashiki	JP	34.58333	133.76667
saratov	RU	51.54056	46.00861
jalna	IN	19.84102	75.88636
dhule	IN	20.9013	74.77737
wirral	GB	53.37616	-3.10501
luton	GB	51.87967	-0.41748
timis	RO	45.75372	21.22571
bihar	IN	25.75	85.75
merida	MX	20.97537	-89.61696
mato_grosso_do_sul	BR	-20.5	-55.0
tumen	CN	42.96611	129.8425
yavatmal	IN	20.39324	78.13201
guyana	GY	5.0	-59.0
latur	IN	18.39721	76.56784
surakarta	ID	-7.55611	110.83167
north_fitzroy	AU	-37.78862	144.97885
khon_kaen	TH	16.44671	102.833
surabaya	ID	-7.24917	112.75083
central_african_republic	CF	7.0	21.0
khmilnyk	UA	49.55979	27.95754
prahova	RO	44.95	26.01667
karaj	IR	35.83266	50.99155
vaxjo	SE	56.87767	14.80906
la_reunion	FR	47.38333	0.68333
oxford	GB	51.75222	-1.25596
vanimo	PG	-2.69152	141.3015
niger	NE	18.0	9.0
grafton	AU	-29.7594	153.03
peloponnese	GR	37.62728	22.43958
bhopal	IN	23.25469	77.40289
gaoyou	CN	32.78933	119.44182
senegal	SN	14.5	-14.25
vadu	IN	18.03441	81.02437
kalmar	SE	56.66157	16.36163
micronesia	FM	6.924	158.162
chiang_rai	TH	19.90858	99.8325
mauritania	MR	20.25	-10.5
karasuk	RU	53.73772	78.04026
samos	GR	37.69	26.91167
argos	GR	37.63333	22.73333
galati	RO	45.45	28.05
nakuru	KE	-0.28333	36.06667
darlinghurst	AU	-33.87939	151.21925
melbourne	AU	-37.814	144.96332
croatia	HR	45.16667	15.5
alborz	IR	35.83266	50.99155
jonkoping	SE	57.78145	14.15618
bandar_abbas	IR	27.1865	56.2808
york	GB	53.95763	-1.08271
simbu	PG	-6.25	144.83333
livadia	GR	38.43616	22.87665
kavala	GR	40.93959	24.40687
pyrgos	GR	40.10444	22.3875
nanping	CN	26.645	118.17361
cairns	AU	-16.92304	145.76625
asturias	ES	43.36029	-5.84476
shahriar	IR	35.65884	51.05775
samut_prakan	TH	13.59934	100.59675
acre	BR	-9.0	-70.0
patra	GR	38.24444	21.73444
buckinghamshire	GB	51.62907	-0.74934
riyadh	SA	24.68773	46.72185
aurangabad	IN	19.87757	75.34226
westmead	AU	-33.80383	150.98768
antofagasta	CL	-23.65236	-70.3954
adana	TR	37.00167	35.32889
konya	TR	37.87135	32.48464
safi	MA	32.29939	-9.23718
erzurum	TR	39.90861	41.27694
neamt	RO	46.91667	26.33333
uvurkhangai	MN	46.26389	102.775
covasna	RO	45.91667	26.0
east_sepik	PG	-4.0	143.75
nanded	IN	19.16023	77.31497
khargone	IN	21.82292	75.61394
kijabe	KE	-0.93304	36.57581
bistrita_nasaud	RO	47.13316	24.50011
caras_severin	RO	45.08333	22.08333
kurdistan	IR	37.0	44.0
tocantins	BR	-10.5	-48.0
hu_zhou	CN	31.71111	113.36306
irkutsk	RU	52.29778	104.29639
hohhot	CN	40.81056	111.65222
freiburg	DE	47.9959	7.85222
enna	IT	37.5655	14.27433
longyan	CN	25.66719	116.74566
kowloon	HK	22.31667	114.18333
headington	GB	51.75737	-1.21974
dayton	US	39.75895	-84.19161
sudan	SD	16.0	30.0
springfield	US	39.80172	-89.64371
kastamonu	TR	41.37805	33.77528
kaunas	LT	54.9	23.9
lamia	GR	38.9	22.43333
arta	GR	39.16014	20.98561
izhevsk	RU	56.84976	53.20448
burdur	TR	37.72028	30.29083
arad	RO	46.18333	21.31667
sanming	CN	26.24861	117.61861
grevena	GR	40.08452	21.42744
sanandaj	IR	35.31495	46.99883
izmir	TR	38.41273	27.13838
samsun	TR	41.28667	36.33
tekirdag	TR	40.97801	27.50852
karapitiya	LK	6.0711	80.2306
crimea	UA	45.3531	36.47429
klaipeda	LT	55.71722	21.1175
telsiai	LT	55.98139	22.24722
tokat	TR	40.31389	36.55444
meknes	MA	33.89352	-5.54727
chalkida	GR	38.46354	23.60284
preveza	GR	38.95617	20.7505
brasov	RO	45.64861	25.60613
bihor	RO	47.0	22.33333
trikala	GR	39.55493	21.76837
messina	IT	38.19394	15.55256
srinagar	IN	34.08565	74.80555
xanthi	GR	41.13488	24.888
marivan	IR	35.56667	46.35
hormozgan	IR	27.75	56.5
gilroy	US	37.00578	-121.56828
cankiri	TR	40.59995	33.6153
ratnapura	LK	6.68278	80.39917
matara	LK	5.94851	80.53528
skuodas	LT	56.26667	21.53333
sivas	TR	39.74833	37.01611
agadir	MA	30.42018	-9.59815
ioannina	GR	39.66486	20.85189
chania	GR	35.51124	24.02921
dalian	CN	38.91222	121.60222
edessa	GR	40.8026	22.04751
naousa	GR	40.62944	22.06806
florina	GR	40.93024	21.78786
ardebil	IR	38.2498	48.2933
brooklyn	US	40.6501	-73.94958
rondonia	BR	-11.0	-63.0
yoshkar_ola	RU	56.63877	47.89078
ufa	RU	54.74306	55.96779
cyprus	TR	39.87717	32.99317
komotini	GR	41.11917	25.40535
sale	MA	34.0531	-6.79846
irakleio	GR	35.32787	25.14341
malatya	TR	38.35018	38.31667
kirklareli	TR	41.73508	27.22521
vitebsk	BY	55.1904	30.2049
american_samoa	AS	-14.27806	-170.7025
veria	GR	37.19027	22.55173
kozani	GR	40.30069	21.78896
salaj	RO	47.16667	23.25
south	CM	4.21734	9.17273
minab	IR	26.93333	57.28333
san_luis	AR	-33.29501	-66.33563
tierra_del_fuego	AR	-54.5	-67.0
la_pampa	AR	-37.0	-66.0
quintana_roo	MX	19.66667	-88.25
cairo	EG	30.06263	31.24967
yaounde	CM	3.86667	11.51667
bursa	TR	40.19559	29.06013
abong_mbang	CM	3.98333	13.18333
oujda	MA	34.68139	-1.90858
abidjan	CI	5.30966	-4.01266
adjame	CI	5.3648	-4.02366
yopougon	CI	5.34644	-4.06628
chonburi	TH	13.3622	100.98345
newcastle	GB	54.97328	-1.61396
manipur	IN	25.0	94.0
rio_negro	AR	-40.0	-67.0
reims	FR	49.25	4.03333
porto	PT	41.14961	-8.61099
tiznit	MA	29.69742	-9.73162
aix_en_provence	FR	43.5283	5.44973
entre_rios	AR	-32.0	-59.0
burkina_faso	BF	12.5	-1.66667
sierra_leone	SL	8.5	-11.5
littoral	CM	4.04827	9.70428
abobo	CI	5.41613	-4.0159
ostersund	SE	63.1792	14.63566
lund	SE	55.70584	13.19321
harda	IN	22.34414	77.09536
amazonas	BR	-3.10194	-60.025
para	BR	-1.45583	-48.50444
mahajanga	MG	-15.71667	46.31667
moramanga	MG	-18.80198	48.25968
antananarivo	MG	-18.91368	47.53613
prachuap_khiri_khan	TH	11.82098	99.7841
recife	BR	-8.05389	-34.88111
formosa	AR	-26.17753	-58.17814
mitrovica	RS	44.97639	19.61222
nis	RS	43.32472	21.90333
cuprija	RS	43.9275	21.37
linares	CL	-35.84667	-71.59308
molodechno	BY	54.3167	26.854
lefkada	GR	38.71667	20.63333
amapa	BR	1.0	-52.0
bouafle	CI	6.99041	-5.7442
wales	GB	51.48	-3.18
petrozavodsk	RU	61.78491	34.34691
drama	GR	41.15283	24.1473
roraima	BR	2.25	-61.25
rio_grande_do_norte	BR	-5.795	-35.20944
norte_de_santander	CO	7.9463	72.8988
sardasht	IR	36.2167	45.4832
leskovac	RS	42.99806	21.94611
phuket	TH	7.89059	98.3981
tyumen	RU	57.15222	65.52722
cambridgeshire	GB	52.2	0.11667
minneapolis	US	44.97997	-93.26384
bronx	US	40.84985	-73.86641
comoe	CI	5.50386	-3.25105
gomel	BY	52.4345	30.9754
tirane	AL	41.3275	19.81889
hampshire	GB	51.1872	-1.0335
tsiroanomandidy	MG	-18.76969	46.04653
macapa	BR	0.03889	-51.06639
cocody	CI	5.33507	-4.0039
vaslui	RO	46.63333	27.73333
vila_real	PT	41.30062	-7.74413
plateau	CI	5.32183	-4.01967
natal	BR	-5.795	-35.20944
pancevo	RS	44.87083	20.64028
selenge	MN	49.66667	106.41667
gambia	GM	13.5	-15.5
santa_clara	US	37.35411	-121.95524
braga	PT	41.55032	-8.42005
kazan	RU	55.78874	49.12214
saipan	MP	15.21233	145.7545
jericho	PS	31.86667	35.45
antsirabe	MG	-19.86586	47.03333
tulkarem	PS	32.31037	35.02863
boras	SE	57.72101	12.9401
santiago_del_estero	AR	-27.79511	-64.26149
catamarca	AR	-27.0	-67.0
curico	CL	-34.98279	-71.23943
niakhar	SN	14.48333	-16.4
palestine	PS	31.5	34.46667
nablus	PS	32.22111	35.25444
jenin	PS	32.45943	35.30086
maevatanana	MG	-16.95	46.83333
corrientes	AR	-27.4806	-58.8341
vina_del_mar	CL	-33.02457	-71.55183
pozarevac	RS	44.62133	21.18782
blida	DZ	36.47004	2.8277
ningde	CN	26.66167	119.52278
annaba	DZ	36.9	7.76667
paraiba	BR	-7.25	-36.5
toamasina	MG	-18.1492	49.40234
mananjary	MG	-21.20177	48.35832
tubas	PS	32.32091	35.36989
clermont_ferrand	FR	45.77966	3.08628
punta_arenas	CL	-53.15483	-70.91129
alice_springs	AU	-23.69748	133.88362
sucheng	CN	33.975	118.3
ujjain	IN	23.18239	75.77643
quanzhou	CN	24.79894	118.5897
majkop	RU	44.60778	40.10583
suzhou	CN	31.30408	120.59538
portalegre	PT	39.25	-7.58333
coimbra	PT	40.20564	-8.41955
beja	PT	37.84204	-7.91855
campinas	BR	-22.90556	-47.06083
sorocaba	BR	-23.50167	-47.45806
galanta	SK	48.19001	17.72747
ramallah	PS	31.89964	35.20422
smolensk	RU	54.7818	32.0401
arkadia	GR	37.50889	22.37944
chios	GR	38.34318	26.14057
kherlen	MN	48.1373	114.55294
qinhuai	CN	32.00497	118.80064
zanjan	IR	36.6736	48.4787
aveiro	PT	40.64427	-8.64554
santarem	PT	39.23333	-8.68333
rio_claro	BR	-22.4311	-47.5642
estado_de_goias	BR	-16.67861	-49.25389
ribeirao	BR	-21.1775	-47.81028
madeira	PT	32.63333	-16.9
skopje	MK	41.99646	21.43141
kocani	MK	41.98333	22.4
karaganda	KZ	49.83333	73.1658
marburg	DE	50.80904	8.77069
skovde	SE	58.39118	13.84506
castelo_branco	PT	39.95658	-7.52323
guarda	PT	40.53733	-7.26575
attecoube	CI	5.3362	-4.0414
fort_carson	US	38.73749	-104.78886
turks_and_caicos	TC	21.73333	-71.58333
saint_kitts	KN	17.29484	-62.7261
bosnia_herzegovina	BA	43.84864	18.35644
wallis_and_futuna	WF	-13.28163	-176.17453
tbilisi	GE	41.69411	44.83368
sarajevo	BA	43.84864	18.35644
qalqilya	PS	32.18583	35.06583
kobuleti	GE	41.82	41.77528
leiria	PT	39.74362	-8.80705
sao_bernardo_do_campo	BR	-23.69389	-46.565
esteli	NI	13.09185	-86.35384
alicante	ES	38.34517	-0.48149
khobi	GE	42.31558	41.89871
gostivar	MK	41.79601	20.90819
sibiu	RO	45.8	24.15
tinghu	CN	33.42748	120.14767
pizhou	CN	34.31139	117.95028
syktyvkar	RU	61.67642	50.80994
zhenjiang	CN	32.21086	119.45508
nosy_be	MG	-13.31207	48.31482
dmanisi	GE	41.32	44.2
chiatura	GE	42.28333	43.25
hradec_kralove	CZ	50.20923	15.83277
hebron	PS	31.52935	35.0938
tetovo	MK	42.00973	20.97155
aktobe	KZ	50.27969	57.20718
vimmerby	SE	57.69009	15.86741
tinos	GR	37.60833	25.11417
bushehr	IR	28.9684	50.8385
kirov	RU	58.59665	49.66007
guaruja	BR	-23.99306	-46.25639
veliky_novgorod	RU	58.52131	31.27104
tskaltubo	GE	42.26667	42.6
nove_zamky	SK	47.98544	18.16195
guria	GE	42.0	42.0
strumica	MK	41.41111	22.64639
cheb	CZ	50.07963	12.37392
syros	GR	37.42279	24.95094
vonitsa	GR	38.92547	20.76531
sundsvall	SE	62.52813	17.44393
hailing	CN	32.49443	119.9111
akhaltsikhe	GE	41.63901	42.98262
kutaisi	GE	42.26791	42.69459
kraljevo	RS	43.72583	20.68944
ohrid	MK	41.11722	20.80194
rethymno	GR	35.36555	24.48232
itarsi	IN	22.61477	77.76222
evora	PT	38.58333	-7.83333
komarno	SK	47.76356	18.12263
pirot	RS	43.15306	22.58611
argolida	GR	37.2975	23.1478
levice	SK	48.21563	18.60705
northland	NZ	-35.5	174.0
putian	CN	25.43944	119.01028
krabi	TH	8.09985	98.98527
sao_jose_do_rio_preto	BR	-20.8166	-49.4065
togo	TG	8.66667	1.08333
yalova	TR	40.65501	29.27693
diyarbakir	TR	37.91363	40.21721
agri	TR	39.71944	43.05139
osasco	BR	-23.5325	-46.79167
nimes	FR	43.83333	4.35
presidente_prudente	BR	-22.17506	-51.42464
talca	CL	-35.4264	-71.65542
denizli	TR	37.77417	29.0875
provence_alpes_cote_d_azur	FR	43.29695	5.38107
jaboticabal	BR	-21.25472	-48.32222
tianshan	CN	43.7944	87.63168
alto_alegre	BR	3.03093	-62.76798
guariba	BR	-21.39568	-48.20427
guarulhos	BR	-23.46278	-46.53333
aracatuba	BR	-21.1413	-50.4247
hawkes_bay	NZ	-39.66667	176.5
gusu	CN	23.30556	116.26722
isparta	TR	37.76444	30.55222
piracicaba	BR	-22.72528	-47.64917
qingxiu	CN	22.79105	108.49216
moji_das	BR	-23.52278	-46.18833
assis	BR	-22.66167	-50.41222
maua	BR	-23.66778	-46.46139
ibiuna	BR	-23.83577	-47.21076
bauru	BR	-22.31472	-49.06056
cu_tha	TH	14.80244	99.08897
rwanda	RW	-2.0	30.0
sao_carlos	BR	-22.0175	-47.89083
guararema	BR	-23.43419	-46.06086
taubate	BR	-23.02639	-45.55528
salto	BR	-23.20083	-47.28694
sastin	SK	48.63721	17.1453
bahamas	BS	25.04082	-77.37122
sassari	IT	40.72586	8.55552
khentii	MN	48.0	110.5
astros	GR	37.41658	22.7661
viotia	GR	38.43616	22.87665
huaian	CN	33.58861	119.01917
maranhao	BR	-2.52972	-44.30278
kostroma	RU	57.76647	40.92686
jiaxing	CN	30.7522	120.75
moji_mirim	BR	-22.43194	-46.95778
sukhothai	TH	17.00778	99.823
van	TR	38.49457	43.38323
lasithi	GR	35.2161	26.1013
korinthos	GR	37.90953	22.88353
gavle	SE	60.67452	17.14174
jujuy	AR	-23.0	-66.0
mcensk	RU	53.27657	36.57334
marilia	BR	-22.21389	-49.94583
capivari	BR	-22.995	-47.50778
andradina	BR	-20.89611	-51.37944
moji_guacu	BR	-22.3677	-46.94552
hutt_valley	NZ	-41.16625	175.08448
vrancea	RO	45.7	27.18333
qingpu	CN	31.15394	121.11408
valjevo	RS	44.27513	19.89821
kragujevac	RS	44.01667	20.91667
araras	BR	-22.35694	-47.38417
matao	BR	-21.59547	-48.45033
santo_andre	BR	-23.66389	-46.53833
cotia	BR	-23.60389	-46.91917
zhytomyr	UA	50.26487	28.67669
gumushane	TR	40.46001	39.47176
cumbria	GB	54.9375	-2.80917
isahaya	JP	32.84111	130.04306
brest	BY	52.09755	23.68775
santana	BR	-12.26667	-38.96667
falun	SE	60.60357	15.62597
bulgan	MN	49.0	103.5
shaoxing	CN	30.00237	120.57864
kosice	SK	48.71395	21.25808
hatay	TR	36.20655	36.15722
darkhan	MN	49.48667	105.92278
sonora	MX	29.66667	-110.5
carapicuiba	BR	-23.52272	-46.835
cirencester	GB	51.71927	-1.97145
telford	GB	52.67659	-2.44926
colchester	GB	51.88921	0.90421
giresun	TR	40.91698	38.38741
rouen	FR	49.44313	1.09932
copiapo	CL	-27.36679	-70.3314
isla_de_pascua	CL	-27.0	-107.5
coronel	CL	-37.03386	-73.14019
coquimbo	CL	-29.95332	-71.33947
temuco	CL	-38.73965	-72.59842
sao_jose_dos_campos	BR	-23.17944	-45.88694
leme	BR	-22.18556	-47.39028
rancagua	CL	-34.17083	-70.74444
dubai	AE	25.0657	55.17128
hexham	GB	54.96986	-2.104
ware	GB	51.81058	-0.02875
boumerdes	DZ	36.76639	3.47717
lota	CL	-37.08994	-73.1577
villarrica	CL	-39.31748	-72.22824
stevenage	GB	51.90224	-0.20256
sumare	BR	-22.82194	-47.26694
la_serena	CL	-29.90453	-71.24894
croydon	GB	51.38333	-0.1
ordu	TR	40.97782	37.89047
nevsehir	TR	38.625	34.71222
kocaeli	TR	40.76694	29.91694
isfahan	IR	32.65246	51.67462
macon	FR	46.3	4.83333
melipilla	CL	-33.68909	-71.21528
chillan	CL	-36.60664	-72.10344
monte_alto	BR	-21.26111	-48.49639
louveira	BR	-23.08252	-46.93308
santa_cruz	AR	-31.63333	-60.7
minehead	GB	51.20452	-3.48284
amasya	TR	40.65333	35.83306
corte	FR	42.3	9.15
barueri	BR	-23.51056	-46.87611
feltham	GB	51.4462	-0.41388
somerset	GB	51.3751	-2.36172
kutahya	TR	39.42417	29.98333
ilam	IR	33.6374	46.4227
limeira	BR	-22.56472	-47.40167
kalamata	GR	37.03913	22.11265
mali	ML	18.0	-2.0
zhongshan	CN	21.31992	110.5723
dhar	IN	22.59373	75.29774
dewas	IN	22.96585	76.05526
raisen	IN	23.25	78.08333
mozambique	MZ	-18.25	35.0
buryatia	RU	51.83205	107.58572
shijingshan	CN	39.93324	116.16987
tulcea	RO	45.16667	28.8
semey	KZ	50.42675	80.26669
setif	DZ	36.19112	5.41373
satna	IN	24.57726	80.82719
daxing	CN	39.74025	116.32693
vladikavkaz	RU	43.03667	44.66778
pathum_thani	TH	14.01346	100.53049
uralsk	KZ	51.23333	51.36667
bartin	TR	41.63583	32.3375
shajapur	IN	23.5	76.25
fangshan	CN	39.68699	115.99658
kemerovo	RU	55.33333	86.08333
tsaralalana	MG	-18.9	47.51667
michalovce	SK	48.75434	21.9195
itaosy	MG	-18.91667	47.46667
teleorman	RO	44.08333	25.16667
gorj	RO	45.04636	23.28278
betul	IN	21.90056	77.90229
miyun	CN	40.37587	116.84191
haidian	CN	39.99064	116.28868
komi	RU	64.0	54.0
malacky	SK	48.43604	17.02188
rewa	IN	24.53256	81.29234
alirajpur	IN	22.31384	74.36452
sastin_straze	SK	48.63721	17.1453
jhabua	IN	22.76772	74.59087
khandwa	IN	21.82427	76.35086
kurgan	RU	55.45	65.33333
sobotiste	SK	48.73511	17.40732
avare	BR	-23.0925	-48.9874
ratlam	IN	23.33033	75.04032
barwani	IN	22.02485	74.91805
nagda	IN	23.45834	75.41759
behoririka	MG	-17.36667	47.3
mersin	TR	36.79526	34.61792
sanliurfa	TR	37.16708	38.79392
urengoy	RU	66.08333	76.63333
quillota	CL	-32.88341	-71.24882
gaziantep	TR	37.05944	37.3825
afyon	TR	38.72642	30.60111
sistan	IR	28.5	60.5
kerman	IR	30.28321	57.07879
gorbea	CL	-25.40686	-68.67132
pucon	CL	-39.2928	-71.9159
sao_vicente	BR	-23.96306	-46.39194
bayburt	TR	40.25631	40.22289
alingsas	SE	57.93033	12.53345
xi_an	CN	34.25833	108.92861
dagestan	RU	43.0	47.0
alto_hospicio	CL	-20.25564	-70.08922
nueva_imperial	CL	-38.74451	-72.95025
lautaro	CL	-38.53066	-72.43652
arica	CL	-18.4746	-70.29792
arauco	CL	-37.21717	-73.23439
khanty_mansia	RU	61.00417	69.00194
artur_nogueira	BR	-22.57306	-47.1725
catanduva	BR	-21.13778	-48.97278
jau	BR	-22.29639	-48.55778
itapira	BR	-22.43611	-46.82167
ituverava	BR	-20.33944	-47.78056
paulinia	BR	-22.76111	-47.15417
mentougou	CN	39.93819	116.09307
votuporanga	BR	-20.4632	-50.0045
rayong	TH	12.68095	101.25798
boituva	BR	-23.28333	-47.67222
lins	BR	-21.664	-49.7305
valinhos	BR	-22.97056	-46.99583
quzhou	CN	28.9658	118.899
nigde	TR	37.96583	34.67935
batman	TR	37.88738	41.13221
visby	SE	57.64089	18.29602
tuv	MN	31.77244	34.99666
kirikkale	TR	39.84528	33.50639
sur	OM	22.56667	59.52889
noyabrsk	RU	63.19309	75.43728
mardin	TR	37.31309	40.74357
manisa	TR	38.61202	27.42647
temara	MA	33.77	-6.87
povazska_bystrica	SK	49.12153	18.42169
papeete	PF	-17.53733	-149.5665
sohar	OM	24.35022	56.70765
beni_mellal	MA	32.33725	-6.34983
bitlis	TR	38.40115	42.10784
lubica	SK	49.13333	20.43333
birobidzhan	RU	48.79284	132.92386
caieiras	BR	-23.38134	-46.73815
alania	RU	43.74359	44.65177
krasnodar	RU	45.04484	38.97603
eskisehir	TR	39.77667	30.52056
aksaray	TR	38.37255	34.02537
siirt	TR	37.9293	41.94134
jambyl	KZ	42.8885	71.0973
olgii	MN	48.96833	89.9625
bayan_olgii	MN	48.96833	89.9625
omnogovi	MN	43.0	104.0
dundgovi	MN	45.5	106.5
sachsen_anhalt	DE	52.12773	11.62916
ozurgeti	GE	41.92442	42.00682
palmerston_north	NZ	-40.35636	175.61113
govisumber	MN	46.5	108.5
saint_vincent_and_the_grenadines	VC	12.9843	-61.2872
tamil_naidu	IN	11.1271	78.6569
gabon	GA	-0.8999694	11.6899699
liberia	LR	5.7499721	-9.3658523
equatorial_guinea	GQ	1.613172	10.5170357
democratic_republic_of_congo	CD	-2.9814343	23.8222636
congo	CG	-0.7264326	15.6419155
mato_grosso	BR	-12.2115008	-55.5716546
zhytomyr	UA	50.2598298	28.6692345
mato_grosso	BR	-12.2115008	-55.5716546
rio_claro	BR	-22.4108329	-47.5608329
artur_nogueira	BR	-22.5594999	-47.1324463286
trinidad_and_tobago	TT	10.8677845	-60.9821066
united_arab_emirates	AE	24.0002488	53.9994829
turkmenistan	TM	39.3763807	59.3924609
kol	IN	22.562458	85.2279467
lebu	CL	-37.6083531	-73.6521436
karabuk	TR	41.1110349	32.6193901
chiang_mai	TH	18.7905618	98.9880909
aydin	TR	37.8459132	27.8338384
cunco	CL	-38.9329886	-72.0321679
phetchaburi	TH	13.0692869	99.6044376
nakhon_phanom	TH	17.1990989	104.6089459
esmereldas	EC	-3.1575109	-79.1411434
balcarce	AR	-31.4335924	-64.2216787
pinamar	AR	-37.1099491	-56.8539006
maha_sarakham	TH	15.9041448	103.0840638
satun	TH	7.0366682	99.9615397
maipu	AR	-34.5851196	-60.9536902
anjeva	MG	-18.9420665	47.6613629
bryansk	RU	53.2423778	34.3668288
saransk	RU	54.1867088	45.1838307
tatarstan	RU	55.32628005	50.6806005253
antarctica	AQ	-82.1081821	34.37824
bolu	TR	40.73454	31.6128194
girona	ES	41.9793006	2.8199439
nan	TH	18.7544594	100.624804
barysaw	BY	54.2240493	28.5117661
zonguldak	TR	41.250324	31.8389738
tarragona	ES	41.1172364	1.2546057
lleida	ES	41.6147605	0.6267842
naryan_mar	RU	67.6379965	53.0068636
guinea	GN	10.7226226	-10.7083586
angola	AO	-11.8775767	17.5691241
port_loko	SL	8.7638892	-12.7799026
western_area	SL	8.33461895	-13.0659143446
kambia	SL	9.1246846	-12.9189133
tonkolili	SL	8.979884	-11.717715
conakry	GN	9.5171253	-13.6999234
bombali	SL	9.2388372	-12.1148023
siguiri	GN	11.4189557	-9.1745795
kouroussa	GN	10.6519303	-9.8811521
gueckedou	GN	8.5616487	-10.1328211
macenta	GN	8.5458459	-9.4679199
dubreka	GN	9.7889586	-13.5171217
coyah	GN	9.7090404	-13.3889559
forecariah	GN	9.4300088	-13.0833858
kindia	GN	10.0492476	-12.8577996
dalaba	GN	10.6913277	-12.2512594
kerouane	GN	11.4231137	-9.5938615
nzerekore	GN	7.7579345	-8.8176067
koinadugu	SL	9.3727454	-11.3253108
kenema	SL	7.8859356	-11.1863898
western_rural	SL	8.320091	-13.0588080718
pujehun	SL	7.35633	-11.722668
kailahun	SL	8.2769105	-10.5737535
western_urban	SL	8.4365934	-13.239469946
bo	SL	7.9620654	-11.7366498
kono	SL	8.6868883	-10.9194453
moyamba	SL	8.159153	-12.4314373
lola	GN	8.0166961	-8.30784246327
kissidougou	GN	9.2101274	-10.1215916
faranah	GN	10.3143203	-10.8900969
lofa	LR	7.8824046	-9.9760296
beyla	GN	8.6898481	-8.6483449
kankan	GN	10.3833686	-9.3047575
fria	GN	10.363036	-13.5811849
boke	GN	10.952242	-14.2760634
rivercess	LR	5.9087331	-9.3938266
bomi	LR	6.7177856	-10.7881765
grand_bassa	LR	6.1640621	-9.8956689
montserrado	LR	6.4095537	-10.6059402
margibi	LR	6.6053676	-10.1758428
gbarpolu	LR	7.2681564	-10.381477
grand_cape_mount	LR	7.0496206	-11.1298429
sinoe	LR	5.3232693	-8.8435954
nimba	LR	6.8088813	-8.7461447
river_gee	LR	5.2653903	-7.8856202
bong	LR	6.9622195	-9.7134458
grand_kru	LR	4.84932	-8.3308844
bonthe	SL	7.5292766	-12.5131865
buraimi	OM	24.15876915	56.1476546181
kristianstad	SE	56.0293778	14.1566859
salalah	OM	17.0149036	54.0956865
comoros	KM	-12.2045175	44.2832964
south	VN	21.0488349	105.7999232
hochiminh	VN	10.7888764	106.7034958
sumatra	ID	-0.14292745	101.583949
brasilia	BR	-10.3333332	-53.1999999
cixi	CN	30.183333	121.233333
rivas	NI	11.3897472	-85.6237073
carazo	NI	11.6635659	-86.3090375
santander	ES	43.4623102	-3.8101066
dongguan	CN	23.0449275	113.7524781
key_west	US	38.0573603	-78.4408437
jaipur	IN	26.9161293	75.8204056
makassar	ID	-5.1342961	119.4124282
bogor	ID	-6.5962985	106.7972421
johor_bahru	MY	1.4953041	103.7550839
antioquia	CO	7.0000085	-75.5000085
guaviare	CO	1.6894444	-72.8202863
nayarit	MX	22.0000001	-105.0
chiapas	MX	16.5000001	-92.5
kuala_lumpur	MY	2.74378195	101.711611883
easter_island	CL	-27.1260191	-109.349674206
masaya	NI	11.9763955	-86.0882611
oaxaca	MX	17.0	-96.4999999
hidalgo	MX	20.5	-98.9999999
guatemala_city	GT	14.6417889	-90.5132238
kampong_cham	KH	12.0177389	105.4185897
tapachula	MX	14.92746	-92.3223121028
odisha	IN	20.5431241	84.6897321
saint_john	AG	17.1184569	-61.8448508
santos	BR	-23.9608329	-46.3338889
puerto_maldonado	PE	-12.5938632	-69.1866772
jiangmen	CN	22.5766294	113.079047
foshan	CN	23.0249168	113.1146174
nanhai	CN	23.0607812	112.982365243
lahore	PK	31.5621916	74.3228517
muridke	PK	31.8008953	74.2544574
karachi	PK	24.8667795	67.0311286
gwalior	IN	26.2	78.2
morelos	MX	18.75	-98.9999999
east_timor	TL	-8.5151978	125.8375756
boa_vista	BR	2.821254	-60.6723217
braganca	BR	-1.0573966	-46.7635405
marituba	BR	-1.3595305	-48.3361503
sao_luis	BR	-2.5319223	-44.2933275
porto_velho	BR	-8.7494524	-63.8735437
cuiaba	BR	-15.5986685	-56.09913
pedro_juan_caballero	PY	-22.5468648	-55.7382487
raas	ID	-6.9340544	112.8528009
boaco	NI	12.4720295	-85.6583981
santarem	BR	-2.4384889	-54.6996109
manaus	BR	-3.1319514	-59.9864061
varzea_grande	BR	-6.5474471	-42.2489412
pocone	BR	-16.2634093	-56.6229716
cambe	BR	-23.2782856	-51.2799828
vasteras	SE	59.6110992	16.5463679
cherkessk	RU	44.2250248	42.056765
saint_croix	VI	17.7524209	-64.7968737
st_croix	VI	17.7524209	-64.7968737
saint_thomas	VI	18.34290815	-64.9188996006
st_thomas	VI	18.3378801	-64.8982827
saint_john	VI	18.3359481	-64.7382677
st_john	VI	18.3359481	-64.7382677
usvi	VI	18.3378801	-64.8982827
cantabria	ES	43.135837	-4.26363257815
marignier	FR	46.0903808	6.4992902
annonay	FR	45.2399639	4.6675475
napier	NZ	-39.4908577	176.9179114
zurich	CH	47.3685586	8.5404434
puymirol	FR	44.187314	0.7940493
bourgoin_jallieu	FR	45.5872259	5.2828123
yasothon	TH	16.0282186	104.2748479
pella	GR	40.7602255	22.5275614
ilia	GR	38.8509694	23.1256502
evrytania	GR	38.965893	21.6787054428
tunis	TN	33.8439408	9.400138
qingyuan	CN	23.6832977	113.0507495
nakhon_si_thammarat	TH	8.6772337	99.7309635
phra_nakhon_si_ayutthaya	TH	14.3560372	100.5722073
bayankhongor	MN	45.2381164	99.5146423
arapiraca	BR	-9.7548659	-36.6614709
paulista	BR	-7.9340068	-34.8684069
olinda	BR	-7.99864	-34.8459551
joao_camara	BR	-5.5373102	-35.8154297
vitoria_de_santo_antao	BR	-8.1209018	-35.2944857
murici	BR	-9.3068229	-35.9427979
feira_de_santana	BR	-12.2578933	-38.9598046
caetes	BR	-8.7728787	-36.6255834
maceio	BR	-9.6476842	-35.7339263
garanhuns	BR	-8.8905888	-36.4930895
sanharo	BR	-8.3628775	-36.5573185
damietta	EG	31.4167427	31.8213657
huizhou	CN	23.1060862	114.4141105
rizhao	CN	35.3979052	119.5290707
sunan	CN	39.054054	99.091892
ganzhou	CN	25.8629902	114.9403044
longquan	CN	28.0751884	119.1218944
helsingborg	SE	56.0441984	12.7040684
edirne	TR	41.6759327	26.5587225
novy_urengoy	RU	66.085196	76.6799167
surgut	RU	61.2540328	73.3963985
adygea	RU	44.6939006	40.1520421
mari_el	RU	56.58619455	47.9227902626
ossetia_alania	RU	42.9920711	44.2636348
gorno_altaysk	RU	51.9577738	85.9641795
canakkale	TR	40.1500808	26.4148869
mordovia	RU	54.3376037	44.7729228
bali	ID	-8.3304976	115.0906401
eritrea	ER	15.9500319	37.9999668
antigua_and_barbuda	AG	17.0608	-61.7964
mayotte	YT	-12.821908	45.143906
panguipulli	CL	-39.6419908	-72.33338
rengo	CL	-34.4088743	-70.8616582
calama	CL	-22.4623916	-68.927218
chalkidiki	GR	40.31369605	23.3733549586
heraklion	GR	35.3340134	25.1328543
maldives	MV	4.7064352	73.3287853
ystad	SE	55.4329849	13.8196555
prince_edward_island	CA	46.3355508	-63.1466676
nunavut	CA	70.0000073	-90.0
taldykorgan	KZ	45.016335	78.379227
oskemen	KZ	50.0260549	82.5059669
saint_barthelemy	BL	17.9049171	-62.847207
queretaro	MX	20.8542575	-99.84756
tlaxcala	MX	19.416667	-98.166667
nuevo_leon	MX	26.2384363	-99.8873
yozgat	TR	39.8205571	34.8094917
zacatecas	MX	23.0000001	-103.0000001
usak	TR	38.6810732	29.4033271
analavory	MG	-18.9746393	46.7161791
fianarantsoa	MG	-21.45337	47.085447
koltsovo	RU	54.92734435	83.1927223092
somalia	SO	8.3676771	49.083416
yemen	YE	16.3471243	47.8915271
marshall_islands	MH	7.1315	171.1845
vanuatu	VU	-17.734818	168.3220
niue	NU	-19.0544	-169.8672
eskilstuna	SE	59.3717379	16.5051474
nantes	FR	47.2186371	-1.5541362
markazi	IR	34.5302705	49.7864561
semnan	IR	35.5835666	53.3879097
suwon	KR	37.2633325	127.0287472
ansan	KR	37.3217152	126.8308604
taranaki	NZ	-39.2711067	174.154795
wonju	KR	37.3405045	127.9198408
uttaradit	TH	17.625163	100.4029452
trang	TH	7.5892935	99.5032004
san_ramon	US	37.7799273	-121.9780153
paillaco	CL	-40.0706454	-72.8728215
cerro_navia	CL	-33.42514465	-70.7439477369
guerrero	MX	17.666667	-100.0
jodhpur	IN	26.2967719	73.0351433
baltimore	US	39.2908816	-76.610759
linkou	TW	25.0775308	121.3916021
keelung	TW	25.1317232	121.744652
sao_gabriel	BR	-30.334214	-54.3227149
vacaria	BR	-28.5102901	-50.9356044
pelotas	BR	-31.7700104	-52.3411543
canoas	BR	-29.9216045	-51.1799525
santa_rosa	BR	-27.8643546	-54.4779287
tours	FR	47.3900474	0.6889268
nizwa	OM	22.94529655	57.5341227131
muscat	OM	23.5125498	58.5513734374
ibra	OM	22.6895878	58.5469793
rustaq	OM	23.77729485	57.7844756528
bahla	OM	22.970025	57.2986957
aquitaine	FR	44.24620635	-0.183997873924
sakon_nakhon	TH	17.1904453	103.9730898
guinea_bissau	GW	12.042637	-14.949526
malawi	MW	-13.550995	34.124594
benin	BJ	9.668764	2.284078
wrexham	GB	53.0465068	-2.9938137
barry	GB	51.4043548	-3.2690216
newport	GB	51.5882332	-2.9974967
bridgend	GB	51.55735365	-3.56527017582
aberystwyth	GB	52.4143113	-4.0816846
ammanford	GB	51.7956485	-3.9968383
port_talbot	GB	51.5954335	-3.787263
rhyl	GB	53.3207425	-3.4907258
carmarthen	GB	51.8591257	-4.3115907
penarth	GB	51.435968	-3.1733023
neath	GB	51.6628422	-3.8039117
pwllheli	GB	52.8884749	-4.4179146
aberaeron	GB	52.2431766	-4.2600153
attica	GR	36.2131891	22.9858147033
north_kazakhstan	KZ	52.2983443	76.945378
mugla	TR	37.1642053	28.2624288
coahuila	MX	27.3333331	-102.0000001
west_kazakhstan	KZ	53.2686213	69.4293355
east_kazakhstan	KZ	47.2286086	65.2093197
jalisco	MX	20.3333331	-103.6666671
aguascalientes	MX	22.0000001	-102.5000001
south_kazakhstan	KZ	54.9685315	70.5491279
akmola	KZ	50.5938097	56.3246729
kyzylorda	KZ	44.857548	65.493294
